topic_id,topic,lecturer,lecturer_interests,important_features
17,Пространственно-временные масштабы акустико-гравитационных возмущений неоднородной атмосферы,Савина,"27.31.00 Дифференциальные уравнения с частными производными, 29.27.17 Колебания и волны, 37.15.19 Приливы, акустико-гравитационные волны, 37.21.77 Моделирование физическое и математическое",пространственно-временной масштаб акустико-гравитационный возмущение неоднородный атмосфера савин 27.31.00 дифференциальный уравнение частный производная 29.27.17 колебание волна 37.15.19 прилив акустико-гравитационный волна 37.21.77 моделирование физический математический
18,Исследование статистической неопределенности знаковых процедур для построения сетевых структур и характеристик фондового рынка,Семенов,"математическая статистика, теория вероятностей, Машинное обучение и анализ данных, параллельное программирование",исследование статистический неопределённость знаковый процедура построение сетевой структура характеристика фондовый рынок семён математический статистика теория вероятность машинный обучение анализ данные параллельный программирование
19,Проверка симметрии многомерной вероятностной модели,Колданов,"математическая статистика, теория вероятностей и математическая статистика, прикладная математическая статистика, экономико-математическое моделирование",проверка симметрия многомерный вероятностный модель колдан математический статистика теория вероятность математический статистика прикладной математический статистика экономико-математический моделирование
20,Использование и реализация инструментов метапрограммирования в компилируемых языках,Бычков,,использование реализация инструмент метапрограммирование компилировать язык бычков
21,"Использование мокапов, прототипов и вайрфреймов в качестве инструментов детализации требований к ПО на примере компании ""Comindware""",Истюкова,,"использование мокап прототип вайрфрейм качество инструмент детализация требование пример компания ""comindware"" истюков"
22,Влияние качества проработанности интерфейса пользователя на успешность ПО для ведения проектов,Визгунов,,влияние качество проработанность интерфейс пользователь успешность ведение проект визгун
23,Модели и методы многокритериальной оценки и анализа больших данных в телекоммуникационных системах,Шапошников,"сетевые модели, многокритериальные задачи, автоматизированная информационная система",модель метод многокритериальный оценка анализ больший данные телекоммуникационный система шапошников сетевой модель многокритериальный задача автоматизированный информационный система
24,Модели и методы производственного планирования консолидации и анализа больших данных в финансовых экономических системах,Шапошников,"сетевые модели, многокритериальные задачи, автоматизированная информационная система",модель метод производственный планирование консолидация анализ больший данные финансовый экономический система шапошников сетевой модель многокритериальный задача автоматизированный информационный система
25,Состязательные атаки на системы распознавания лиц на фотографии,Шапошников,"сетевые модели, многокритериальные задачи, автоматизированная информационная система",состязательный атака система распознавание фотография шапошников сетевой модель многокритериальный задача автоматизированный информационный система
26,Двумерные лоренцевы орбифолды постоянной кривизны с существенной группой изометрий,Жукова,27.00.00 Математика,двумерный лоренцев орбифолд постоянный кривизна существенный группа изометрия жуков 27.00.00 математик
27,Дифференцирования алгебры Ли типа F_4,Чебочко,алгебры Ли,дифференцирование алгебра тип чебочко алгебра
28,Улучшение мобильного приложения,Пономаренко,"информационный поиск, поиск ближайшего соседа, машинное обучение, кластеризация данных",улучшение мобильный приложение пономаренко информационный поиск поиск близкий сосед машинный обучение кластеризация данные
29,Эффективные алгоритмы перемножения цепочки матриц и логический анализ данных,Малышев,"27.41.41 Алгоритмы решения задач вычислительной и дискретной математики, 27.45.15 Общая теория комбинаторного анализа, 27.45.17 Теория графов",эффективный алгоритм перемножение цепочка матрица логический анализ данные малышев 27.41.41 алгоритм решение задача вычислительный дискретный математика 27.45.15 общий теория комбинаторный анализ 27.45.17 теория граф
30,Методы бизнес -аналитики для предсказания групповой сплоченности по фото и видео,Савченко,"16.31.21 Автоматическая обработка текста. Автоматический перевод. Автоматическое распознавание речи, 28.23.15 Распознавание образов. Обработка изображений, 28.29.51 Технические приложения вероятностно-статистических методов",метод бизнес -аналитик предсказание групповой сплочённость фото видео савченко 16.31.21 автоматический обработка текста. автоматический перевод. автоматический распознавание речь 28.23.15 распознавание образов. обработка изображение 28.29.51 технический приложение вероятностно-статистический метод
31,Использование архитектурного подхода диагностики ИТ - бизнес несоответствия на примере организации,Малыженков,"архитектура предприятия, экономика фирмы, организация бизнеса",использование архитектурный подход диагностика бизнес несоответствие пример организация малыженков архитектура предприятие экономика фирма организация бизнес
32,Планирование проектов в ИТ компании на основе анализа экспертных данных,Шапошников,"сетевые модели, многокритериальные задачи, автоматизированная информационная система",планирование проект компания основа анализ экспертный данные шапошников сетевой модель многокритериальный задача автоматизированный информационный система
33,"Процесс ""Управление знаниями"" в проектах цифровой трансформации",Берзинь,,"процесс ""управление знаниями"" проект цифровой трансформация берзинь"
34,Использование карты бизнес - компетенций при оценке качества бизнес-процессов предприятия,Улитин," оптимизация алгоритмов, перераспределение ресурсов, многоагентное моделирование, экономический анализ",использование карта бизнес компетенция оценка качество бизнес-процесс предприятие улитина оптимизация алгоритм перераспределение ресурс многоагентной моделирование экономический анализ
35,Множественная проверка гипотез о средней доходности,Колданов,"теория вероятностей и математическая статистика, математическая статистика, прикладная математическая статистика, экономико-математическое моделирование",множественный проверка гипотеза средний доходность колдан теория вероятность математический статистика математический статистика прикладной математический статистика экономико-математический моделирование
36,Разработка системы рекомендаций,Пономаренко,"информационный поиск, поиск ближайшего соседа, машинное обучение, кластеризация данных",разработка система рекомендация пономаренко информационный поиск поиск близкий сосед машинный обучение кластеризация данные
37,Инструмент визуализации истории для системы контроля версий Git,Набиуллин,,инструмент визуализация история система контроль версия набиуллин
38,Исследование методов глубокого обучения в задачах рекомендательных систем,Модвала,,исследование метод глубокий обучение задача рекомендательный система модвала
39,Программная система для оптимизации распределения производственных задач,Лейкин,,программный система оптимизация распределение производственный задача лейкина
40,Визуализация графов с минимальным числом пересечений ребер с использованием иерархического подхода,Мокеев,"теория графов, прикладная теория графов, наследственные классы графов, упаковки графов, покрытия графов, Кёниговы графы, 27.45.17 Теория графов",визуализация граф минимальный число пересечение ребро использование иерархический подход мокей теория граф прикладной теория граф наследственный класс граф упаковка граф покрытие граф кёниговый граф 27.45.17 теория граф
41,Диагностика заболеваний по ЭКГ с помощью сверточных нейронных сетей,Золотых,,диагностика заболевание помощь сверточный нейронный сеть золотой
42,Формирование и анализ кросс -организационных бизнес-процессов с учетом пожеланий клиента и ограничений организации,Малыженков,"архитектура предприятия, экономика фирмы, организация бизнеса",формирование анализ кросс -организационный бизнес-процесс учёт пожелание клиент ограничение организация малыженков архитектура предприятие экономика фирма организация бизнес
43,Модели и методы многокритериальной оценки и анализа больших данных в иерархических организационных системах,Шапошников,"сетевые модели, многокритериальные задачи, автоматизированная информационная система",модель метод многокритериальный оценка анализ больший данные иерархический организационный система шапошников сетевой модель многокритериальный задача автоматизированный информационный система
44,Вопросы перечисления независимых множеств в графах-решетках,Малышев,"27.41.41 Алгоритмы решения задач вычислительной и дискретной математики, 27.45.15 Общая теория комбинаторного анализа, 27.45.17 Теория графов",вопрос перечисление независимый множество граф-решётка малышев 27.41.41 алгоритм решение задача вычислительный дискретный математика 27.45.15 общий теория комбинаторный анализ 27.45.17 теория граф
45,О реализации градиентно-подобных потоков на проективно-подобных многообразиях,Гуревич,"топология, качественная теория динамических систем",реализация градиентно-подобный поток проективно-подобный многообразие гуревич топология качественный теория динамический система
46,Солитоны в нелинейном уравнении Шредингера с пространственным индуцированном рассеянием и неоднородным потенциалом,Громов,математическое моделирование нелинейных волновых процессов,солитон нелинейный уравнение шрёдингер пространственный индуцировать рассеяние неоднородный потенциал громов математический моделирование нелинейный волновой процесс
47,Имплементация алгоритмов быстрого и точного детектирования горизонтального англоязычного текста,Рассадин,,имплементация алгоритм быстрый точный детектирование горизонтальный англоязычный текст рассадина
48,Алгоритмы поиска сообществ в больших сетях,Калягин,,алгоритм поиск сообщество больший сеть калягин
49,Алгоритмы для задачи SET-COVER,Грибанов,"Алгоритмы и структуры данных, целочисленное программирование, теория полиэдров, геометрия чисел, вычислительная геометрия, линейное программирование",алгоритм задача set-cover грибанов алгоритм структура данные целочисленный программирование теория полиэдр геометрия число вычислительный геометрия линейный программирование
50,Разработка портала по продвижению страниц в социальной сети Instagram,Скулкин,,разработка портал продвижение страница социальный сеть instagram скулкина
51,Применение нейросетевых алгоритмов для проектирования иерархических организационных структур,Бабкин," интеграция разнородных программных и информационных систем, инженерия организации, концептуальное моделирование, многоагентные системы",применение нейросетевой алгоритм проектирование иерархический организационный структура бабкин интеграция разнородный программный информационный система инженерия организация концептуальный моделирование многоагентный система
52,Быстрый поиск ближайшего соседа c расстоянием в заданном интервале,Бацын,"исследование операций, теория игр",быстрый поиск близкий сосед расстояние задать интервал бацын исследование операция теория
53,Разработка игры в жанре арена с улучшениями на движке Unreal Engine,Кащеев,,разработка игра жанр арена улучшение движок unreal engine кащеев
54,Мобильное приложение для составления списка покупок на основе распознанных продуктов,Лейкин,,мобильный приложение составление список покупка основа распознать продукт лейкина
55,Методики маскировки авторства,Дурандин,,методика маскировка авторство дурандин
56,Алгоритм для решения задачи коммивояжера с подциклами,Бацына,"динамика жидкости и газа, исследование операций",алгоритм решение задача коммивояжёр подцикл бацын динамика жидкость газ исследование операция
57,Принятие решения о роботизации бизнес-процессов на ИТ предприятии,Малыженков,"архитектура предприятия, экономика фирмы, организация бизнеса",принятие решение роботизация бизнес-процесс предприятие малыженков архитектура предприятие экономика фирма организация бизнес
58,Основные подходы к применению методологии дизайн-мышления для проектирования отраслевых решений корпоративных информационных систем,Таратухин,"бизнес-информатика, бизнес-процессы, ERP-система, промышленность, интеллектуальные системы",основной подход применение методология дизайн-мышление проектирование отраслевой решение корпоративный информационный система таратухин бизнес-информатика бизнес-процесс erp-система промышленность интеллектуальный система
59,Задача о максимальном разрезе,Грибанов,"Алгоритмы и структуры данных, целочисленное программирование, теория полиэдров, геометрия чисел, вычислительная геометрия, линейное программирование",задача максимальный разрез грибанов алгоритм структура данные целочисленный программирование теория полиэдр геометрия число вычислительный геометрия линейный программирование
60,Цифровой маркетинг образовательных услуг на примере Клуба программистов 1С: Апрель Софт,Набиуллин,,цифровой маркетинг образовательный услуга пример клуб программист апрель софт набиуллин
61,Исследования и разработка эвристического метода решения задачи о размещении объектов,Пономаренко,"информационный поиск, поиск ближайшего соседа, машинное обучение, кластеризация данных",исследование разработка эвристический метод решение задача размещение объект пономаренко информационный поиск поиск близкий сосед машинный обучение кластеризация данные
62,Применение безопасных механизмов мультиагентного подхода в рамках парадигмы умного Интернета вещей,Демкин,"14.35.07 Образование и обучение в высшей профессиональной школе, 20.01.45 Преподавание информатики, 29.03.85 Автоматизация физического эксперимента с применением ЭВМ, 50.53.17 Автоматизация сбора и обработки данных научного эксперимента",применение безопасный механизм мультиагентный подход рамка парадигма умный интернет вещь дёмкин 14.35.07 образование обучение высокий профессиональный школа 20.01.45 преподавание информатика 29.03.85 автоматизация физический эксперимент применение эвм 50.53.17 автоматизация сбор обработка данные научный эксперимент
63,Энергетическая функция Морса-Ботта для поверхностных омега-устойчивых потоков,Починка,динамические системы на многообразиях,энергетический функция морс-ботт поверхностный омега-устойчивый поток починка динамический система многообразие
64,Дикие спиральные аттракторы Тураева-Шильникова четырехмерных потоков,Казаков,"хаотическая динамика, динамика твердого тела, бифуркации, странные аттракторы, численные методы",дикий спиральный аттрактор тураева-шильников четырёхмерный поток казак хаотический динамика динамика твёрдый тело бифуркация странный аттрактор численный метод
65,"Замена лица с помощью Генеративных Состязательных Сетей, достаточная для идентификации личности",Калягин,,замена лицо помощь генеративный состязательный сеть достаточный идентификация личность калягин
66,Задача определения авторства,Дурандин,,задача определение авторство дурандин
67,Система информирования жителей об авариях на системах ЖКХ,Бычков,,система информирование житель авария система бычков
68,Задача о поиске простых и 2-мостов в графе,Грибанов,"Алгоритмы и структуры данных, целочисленное программирование, теория полиэдров, геометрия чисел, вычислительная геометрия, линейное программирование",задача поиск простой 2-мост граф грибанов алгоритм структура данные целочисленный программирование теория полиэдр геометрия число вычислительный геометрия линейный программирование
69,Обнаружение персональных фотографий для моделирования предпочтений пользователя рекомендательных систем,Савченко,"16.31.21 Автоматическая обработка текста. Автоматический перевод. Автоматическое распознавание речи, 28.23.15 Распознавание образов. Обработка изображений, 28.29.51 Технические приложения вероятностно-статистических методов",обнаружение персональный фотография моделирование предпочтение пользователь рекомендательный система савченко 16.31.21 автоматический обработка текста. автоматический перевод. автоматический распознавание речь 28.23.15 распознавание образов. обработка изображение 28.29.51 технический приложение вероятностно-статистический метод
70,"Процедуры идентификации сетевых структур, основанные на коэффициентах корреляции Кендалла и Спирмена",Колданов,"теория вероятностей и математическая статистика, математическая статистика, прикладная математическая статистика, экономико-математическое моделирование",процедура идентификация сетевой структура основать коэффициент корреляция кендалл спирмена колдан теория вероятность математический статистика математический статистика прикладной математический статистика экономико-математический моделирование
71,Реализация архитектурного подхода на примере предприятия гостиничного сектора,Малыженков,"архитектура предприятия, экономика фирмы, организация бизнеса",реализация архитектурный подход пример предприятие гостиничный сектор малыженков архитектура предприятие экономика фирма организация бизнес
72,Сравнение с шаблоном в режиме реального времени,Бацын,"исследование операций, теория игр",сравнение шаблон режим реальный время бацын исследование операция теория
73,Разработка программной среды по проверке информационного взаимодействия летательных аппаратов,Калягин,,разработка программный среда проверка информационный взаимодействие летательный аппарат калягин
74,Алгоритмы для задачи о кратчайшем векторе целочисленной решетки,Грибанов,"Алгоритмы и структуры данных, целочисленное программирование, теория полиэдров, геометрия чисел, вычислительная геометрия, линейное программирование",алгоритм задача краткий вектор целочисленный решётка грибанов алгоритм структура данные целочисленный программирование теория полиэдр геометрия число вычислительный геометрия линейный программирование
75,Реaлизация компьютерного игрока в шашки с использованием многопоточных вычислений.,Шаров,,реaлизация компьютерный игрок шашка использование многопоточный вычислений. шаров
76,Создание прототипа модели для предсказания зеленого интервала светофора,Баевский,,создание прототип модель предсказание зелёный интервал светофор баевский
77,Поиск древесного разложения в остовном подграфе с ограниченной древесной шириной,Мокеев,"теория графов, прикладная теория графов, наследственные классы графов, упаковки графов, покрытия графов, Кёниговы графы, 27.45.17 Теория графов",поиск древесный разложение остовный подграф ограниченный древесный ширина мокей теория граф прикладной теория граф наследственный класс граф упаковка граф покрытие граф кёниговый граф 27.45.17 теория граф
78,Автоматическое определение сложности текста английского языка как иностранного,Дурандин,,автоматический определение сложность текст английский язык иностранный дурандин
79,"Процесс ""Управление ИТ"" в проектах цифровой трансформации",Берзинь,,"процесс ""управление проект цифровой трансформация берзинь"
80,Многокритериальный анализ и планирование работ и исполнителей при реализации проектов в IT-компании,Шапошников,"сетевые модели, многокритериальные задачи, автоматизированная информационная система",многокритериальный анализ планирование работа исполнитель реализация проект it-компания шапошников сетевой модель многокритериальный задача автоматизированный информационный система
81,Одностадийный многозадачный детектор лиц,Яшунин,,одностадийный многозадачный детектор яшунина
82,Разработка и анализ методологии применения стандарта OpenEHR для представления медицинских знаний,Бабкин," интеграция разнородных программных и информационных систем, инженерия организации, концептуальное моделирование, многоагентные системы",разработка анализ методология применение стандарт openehr представление медицинский знание бабкин интеграция разнородный программный информационный система инженерия организация концептуальный моделирование многоагентный система
83,О классах устойчивой изотопической связанности полярных поверхностных каскадов,Починка,динамические системы на многообразиях,класс устойчивый изотопический связанность полярный поверхностный каскад починка динамический система многообразие
84,Автоматическое построение графа знаний,Пономаренко,"информационный поиск, поиск ближайшего соседа, машинное обучение, кластеризация данных",автоматический построение граф знание пономаренко информационный поиск поиск близкий сосед машинный обучение кластеризация данные
85,Алгоритм для решения современной задачи построения расписаний с множеством ограничений,Бычков,,алгоритм решение современный задача построение расписание множество ограничение бычков
86,Реализация XML-RPC протокола на примере многопользовательской игры.,Шаров,,реализация xml-rpc протокол пример многопользовательский игры. шаров
87,Анализ и автоматизация процесса тестирования пользовательского интерфейса,Кащеев,,анализ автоматизация процесс тестирование пользовательский интерфейс кащеев
88,"Разработка сервиса электронных платежей, ориентированного на потребности физических лиц – представителей «поколения Z»",Визгунов,"управление затратами, Менеджмент, управление бизнес-процессами, информационная безопасность, электронные платежи",разработка сервис электронный платёж ориентировать потребность физический представитель «поколение визгун управление затрата менеджмент управление бизнес-процесс информационный безопасность электронный платёж
89,Сравнительное исследование существующих практик управления проектами при проведении НИОКР,Ларюшина,,сравнительный исследование существующий практика управление проект проведение ниокр ларюшина
90,Формирование состава ИТ-команды на основе построения сетевой модели индивидуальных характеристик сотрудников,Шапошников,"сетевые модели, многокритериальные задачи, автоматизированная информационная система",формирование состав ит-команда основа построение сетевой модель индивидуальный характеристика сотрудник шапошников сетевой модель многокритериальный задача автоматизированный информационный система
91,Автоматическое аннотирование типов на языке Python,Бацын,"исследование операций, теория игр",автоматический аннотирование тип язык python бацын исследование операция теория
92,Сравнение методов эмбеддинга русскоязычных предложений на лингвистическом тесте SentEval,Крылов,интеллектуальные информационные системы,сравнение метод эмбеддинг русскоязычный предложение лингвистический тест senteval крылов интеллектуальный информационный система
93,Разработка клиент-серверного приложения для голосовых звонков на основе протокола SIP,Бычков,,разработка клиент-серверный приложение голосовой звонок основа протокол бычков
94,Разработка мобильного приложения для обмена фотографиями,Бычков,,разработка мобильный приложение обмен фотография бычков
95,Анализ и прогнозирование многомерных временных рядов используя нейронные сети,Шимко,,анализ прогнозирование многомерный временной ряд использовать нейронный сеть шимкий
96,Разработка децентрализованного рынка цифровых предметов,Бычков,,разработка децентрализованный рынок цифровой предмет бычков
97,Решение задачи сегментации изображений средствами глубокого обучения,Полетаева,,решение задача сегментация изображение средство глубокий обучение полетаев
98,Автоматизация обработки заявок предприятия по обслуживанию домофонных систем и систем видеонаблюдения с использованием платформы 1С: Предприятие 8.3,Визгунов,,автоматизация обработка заявка предприятие обслуживание домофонный система система видеонаблюдение использование платформа предприятие визгун
99,Применение методологии дизайн - мышления для разработки маркетинговых продуктов в области информационных технологий,Таратухин,"бизнес-информатика, бизнес-процессы, ERP-система, промышленность, интеллектуальные системы",применение методология дизайн мышление разработка маркетинговый продукт область информационный технология таратухин бизнес-информатика бизнес-процесс erp-система промышленность интеллектуальный система
100,Детектирование повернутых объектов на аэрофотоснимках,Бацын,"исследование операций, теория игр",детектирование повернуть объект аэрофотоснимок бацын исследование операция теория
101,Приближенные алгоритмы для задачи MAX-SAT,Грибанов,"Алгоритмы и структуры данных, целочисленное программирование, теория полиэдров, геометрия чисел, вычислительная геометрия, линейное программирование",приблизить алгоритм задача max-sat грибанов алгоритм структура данные целочисленный программирование теория полиэдр геометрия число вычислительный геометрия линейный программирование
102,Топологический анализ данных на примере юридических текстов,Крылов,интеллектуальные информационные системы,топологический анализ данные пример юридический текст крылов интеллектуальный информационный система
103,Веб-приложение по формированию команд на хакатоны,Лейкин,,веб-приложение формирование команда хакатон лейкина
104,Система оперативного вызова больничного персонала,Кащеев,,система оперативный вызов больничный персонал кащеев
105,Определение направления взгляда с помощью сверточных нейронных сетей,Яшунин,,определение направление взгляд помощь сверточный нейронный сеть яшунина
106,Применение технологии iBeacons для систем таргетированной рекламы,Лейкин,,применение технология ibeacons система таргетировать реклама лейкина
107,Улучшение информативности эмбедингов в задачах компьютерного зрения,Золотых,,улучшение информативность эмбединг задача компьютерный зрение золотой
108,Разработка динамического прототипа автоматизированного рабочего места врача медицинского учреждения,Демкин,"14.35.07 Образование и обучение в высшей профессиональной школе, 20.01.45 Преподавание информатики, 29.03.85 Автоматизация физического эксперимента с применением ЭВМ, 50.53.17 Автоматизация сбора и обработки данных научного эксперимента",разработка динамический прототип автоматизированный рабочий место врач медицинский учреждение дёмкин 14.35.07 образование обучение высокий профессиональный школа 20.01.45 преподавание информатика 29.03.85 автоматизация физический эксперимент применение эвм 50.53.17 автоматизация сбор обработка данные научный эксперимент
109,Принятие решений в системах видеонаблюдения на основе автоматического изменения возраста лица на изображении,Савченко,"16.31.21 Автоматическая обработка текста. Автоматический перевод. Автоматическое распознавание речи, 28.23.15 Распознавание образов. Обработка изображений, 28.29.51 Технические приложения вероятностно-статистических методов",принятие решение система видеонаблюдение основа автоматический изменение возраст лицо изображение савченко 16.31.21 автоматический обработка текста. автоматический перевод. автоматический распознавание речь 28.23.15 распознавание образов. обработка изображение 28.29.51 технический приложение вероятностно-статистический метод
110,Разработка рекомендаций для организации семантического хранилища на примере сопроводительной документации информационной системы отдела продаж,Полетаева,,разработка рекомендация организация семантический хранилище пример сопроводительный документация информационный система отдел продажа полетаев
111,Адаптивное конвертирование данных CRM как средство решения проблемы их несовместимости при переносе,Демкин,"14.35.07 Образование и обучение в высшей профессиональной школе, 20.01.45 Преподавание информатики, 29.03.85 Автоматизация физического эксперимента с применением ЭВМ, 50.53.17 Автоматизация сбора и обработки данных научного эксперимента",адаптивный конвертирование данные средство решение проблема несовместимость перенос дёмкин 14.35.07 образование обучение высокий профессиональный школа 20.01.45 преподавание информатика 29.03.85 автоматизация физический эксперимент применение эвм 50.53.17 автоматизация сбор обработка данные научный эксперимент
112,Клиент-серверное приложение для заказа блюд в ресторане,Кащеев,,клиент-серверный приложение заказ блюдо ресторан кащеев
113,О взаимных расположениях кубики и двух коник в проективной плоскости,Полотовский,"вещественная алгебраическая геометрия, история математики",взаимный расположение кубик два коник проективный плоскость полотовский вещественный алгебраический геометрия история математика
114,Динамика вихрей на вращающейся сфере,Абрашкин,"гидромеханика, космология",динамика вихрь вращаться сфера абрашкин гидромеханика космология
115,О реализации градиентно-подобных диффеоморфизмов двумерной сферы,Гуревич,"топология, качественная теория динамических систем",реализация градиентно-подобный диффеоморфизм двумерный сфера гуревич топология качественный теория динамический система
116,Реализация нелийного причинного вывода в библиотеке DoWhy,Набиуллин,,реализация нелийный причинный вывод библиотека dowhy набиуллин
117,Задача о взвешенном независимом множестве в интервальных графах,Мокеев,"теория графов, прикладная теория графов, наследственные классы графов, упаковки графов, покрытия графов, Кёниговы графы, 27.45.17 Теория графов",задача взвесить независимый множество интервальный граф мокей теория граф прикладной теория граф наследственный класс граф упаковка граф покрытие граф кёниговый граф 27.45.17 теория граф
118,"Разработка методики описания функциональных требований к системам с структурированными и кейс - процессами на примере компании ""Third Season""",Истюкова,,"разработка методика описание функциональный требование система структурировать кейс процесс пример компания ""third season"" истюков"
119,Анализ и оптимизация процессов управления складскими запасами предприятия,Улитин," оптимизация алгоритмов, перераспределение ресурсов, многоагентное моделирование, экономический анализ",анализ оптимизация процесс управление складской запас предприятие улитина оптимизация алгоритм перераспределение ресурс многоагентной моделирование экономический анализ
120,Создание IT-инфраструктуры онлайн - академии для собственников бизнеса,Асеева,"численное моделирование, корпоративные информационные системы, 28.17.19 Математическое моделирование",создание it-инфраструктура онлайн академия собственник бизнес асеев численный моделирование корпоративный информационный система 28.17.19 математический моделирование
121,Представление нульмерных базисных множеств диффеоморфизмов поверхностей гиперболическими гомеоморфизмами,Гринес,качественная теория динамических систем,представление нульмерный базисный множество диффеоморфизм поверхность гиперболический гомеоморфизм гринес качественный теория динамический система
122,Ценность априорной информации в процедурах интеллектуального анализа данных,Колданов,"математическая статистика, теория вероятностей и математическая статистика, прикладная математическая статистика, экономико-математическое моделирование",ценность априорный информация процедура интеллектуальный анализ данные колдан математический статистика теория вероятность математический статистика прикладной математический статистика экономико-математический моделирование
123,Детекция спикеров в неразмеченной выборке,Гречихин,"математические модели биологии, применение теоретико-вероятностных и статистических методов, 27.35.43 Математические модели биологии, 27.43.51 Применение теоретико-вероятностных и статистических методов",детекция спикер неразмеченный выборка гречихина математический модель биология применение теоретико-вероятностный статистический метод 27.35.43 математический модель биология 27.43.51 применение теоретико-вероятностный статистический метод
124,Разработка многоуровневой системы веб-приложения по продаже товаров с использованием технологий Spring и Angular,Шаров,,разработка многоуровневый система веб-приложение продажа товар использование технология spring angular шаров
125,Исследование возможностей топологического анализа данных для анализа правового пространства,Крылов,интеллектуальные информационные системы,исследование возможность топологический анализ данные анализ правовой пространство крылов интеллектуальный информационный система
126,Приложение - справочник вооруженных конфликтов в Африке и Азии,Кащеев,,приложение справочник вооружённый конфликт африка азия кащеев
127,Архитектурный подход как инструмент реализации кластерной политики музеев,Малыженков,"архитектура предприятия, экономика фирмы, организация бизнеса",архитектурный подход инструмент реализация кластерный политика музей малыженков архитектура предприятие экономика фирма организация бизнес
128,Применение технологии блокчейн в проектировании архитектуры предприятия,Малыженков,"архитектура предприятия, экономика фирмы, организация бизнеса",применение технология блокчейн проектирование архитектура предприятие малыженков архитектура предприятие экономика фирма организация бизнес
129,Анализ методов управления качеством интернет-услуг,Шутов,"бизнес-моделирование, многоагентные системы, ИТ-консалтинг, смешанное обучение, корпоративные информационные системы",анализ метод управление качество интернет-услуга шут бизнес-моделирование многоагентный система ит-консалтинг смешанный обучение корпоративный информационный система
130,О расположениях неособой плоской кривой степени 7 относительно прямой,Полотовский,"вещественная алгебраическая геометрия, история математики",расположение неособый плоский кривая степень относительно прямой полотовский вещественный алгебраический геометрия история математика
131,О реализации каскадов Морса-Смейла на сфере размерности 4 и выше,Гуревич,"топология, качественная теория динамических систем",реализация каскад морс-смейл сфера размерность выше гуревич топология качественный теория динамический система
132,Мера зависимости нескольких случайных величин и её применение в сетевом анализе.,Колданов,"теория вероятностей и математическая статистика, математическая статистика, прикладная математическая статистика, экономико-математическое моделирование",мера зависимость несколько случайный величина применение сетевой анализе. колдан теория вероятность математический статистика математический статистика прикладной математический статистика экономико-математический моделирование
133,Алгоритмы распространения информации в сетях и приложения,Калягин,,алгоритм распространение информация сеть приложение калягин
134,Разработка программы расчета узкополосного ближнего поля апертурной антенны,Скулкин,,разработка программа расчёт узкополосный ближний поле апертурный антенна скулкина
135,Прикладное приложение для оптимизации отчётности педагогов,Скулкин,,прикладной приложение оптимизация отчётность педагог скулкина
136,Методы идентификации лиц с автоматическим определением редких данных во входном видеопотоке,Савченко,"16.31.21 Автоматическая обработка текста. Автоматический перевод. Автоматическое распознавание речи, 28.23.15 Распознавание образов. Обработка изображений, 28.29.51 Технические приложения вероятностно-статистических методов",метод идентификация автоматический определение редкий данные входной видеопоток савченко 16.31.21 автоматический обработка текста. автоматический перевод. автоматический распознавание речь 28.23.15 распознавание образов. обработка изображение 28.29.51 технический приложение вероятностно-статистический метод
137,Оптимизация агрегатора скидок методами data-mining,Набиуллин,,оптимизация агрегатор скидка метод data-mining набиуллин
138,Сравнительный анализ существующих подходов к моделированию бизнес-процессов IT-компаний,Ларюшина,,сравнительный анализ существующий подход моделирование бизнес-процесс it-компания ларюшина
139,Использование технологии дополненной реальности для контроля кассовых операций в электронной торговле,Демкин,"14.35.07 Образование и обучение в высшей профессиональной школе, 20.01.45 Преподавание информатики, 29.03.85 Автоматизация физического эксперимента с применением ЭВМ, 50.53.17 Автоматизация сбора и обработки данных научного эксперимента",использование технология дополнить реальность контроль кассовый операция электронный торговля дёмкин 14.35.07 образование обучение высокий профессиональный школа 20.01.45 преподавание информатика 29.03.85 автоматизация физический эксперимент применение эвм 50.53.17 автоматизация сбор обработка данные научный эксперимент
140,Топологическая сопряженность несингулярных поверхностных потоков,Починка,динамические системы на многообразиях,топологический сопряжённость несингулярный поверхностный поток починка динамический система многообразие
141,Веб-приложение музыкального аудио-стриминга,Пученкин,,веб-приложение музыкальный аудио-стриминг пученкина
142,Способы контроля качества ПО как обязательный этап производственного цикла IT-продукта,Истюкова,,способ контроль качество обязательный этап производственный цикл it-продукт истюков
143,"Автоматизация бизнес-процессов государственных учреждений с использованием веб - платформы ""Акцент"" версии 2.0",Визгунов,,"автоматизация бизнес-процесс государственный учреждение использование платформа ""акцент"" версия визгун"
144,Разработка и анализ методов автоматического обнаружения эволюции понятийной модели предметной области,Бабкин," интеграция разнородных программных и информационных систем, инженерия организации, концептуальное моделирование, многоагентные системы",разработка анализ метод автоматический обнаружение эволюция понятийный модель предметный область бабкин интеграция разнородный программный информационный система инженерия организация концептуальный моделирование многоагентный система
145,Разработка информационной среды для управления закупками НИУ ВШЭ - Нижний Новгород,Марширов,"языки программирования, Алгоритмы и структуры данных, численное моделирование, 20.23.17 Информационно-поисковые массивы. Базы данных. Манипулирование данными и файлами, 27.37.17 Математическая теория управления. Оптимальное управление, 27.41.19 Численные методы решения дифференциальных и интегральных уравнений, 50.05.09 Языки программирования, 55.13.00 Технология машиностроения",разработка информационный среда управление закупка нижний новгород маршир язык программирование алгоритм структура данные численный моделирование 20.23.17 информационно-поисковый массивы. база данных. манипулирование данные файл 27.37.17 математический теория управления. оптимальный управление 27.41.19 численный метод решение дифференциальный интегральный уравнение 50.05.09 язык программирование 55.13.00 технология машиностроение
146,Влияние процессов кластеризации музеев на их информационную архитектуру,Малыженков,"архитектура предприятия, экономика фирмы, организация бизнеса",влияние процесс кластеризация музей информационный архитектура малыженков архитектура предприятие экономика фирма организация бизнес
147,Разработка рекомендаций для проверки непротиворечивости и семантической связности концептуальных моделей,Полетаева,,разработка рекомендация проверка непротиворечивость семантический связность концептуальный модель полетаев
148,Антиспуфинг для лиц на основе глубокого обучения,Груздев,"28.23.15 Распознавание образов. Обработка изображений, машинное обучение, компьютерное зрение",антиспуфинга основа глубокий обучение груздев 28.23.15 распознавание образов. обработка изображение машинный обучение компьютерный зрение
149,О структуре неблуждающего множества градиентно-подобных потоков на проективно-подобных многообразиях,Гуревич,"топология, качественная теория динамических систем",структура неблуждать множество градиентно-подобный поток проективно-подобный многообразие гуревич топология качественный теория динамический система
150,Анализ принадлежности сетевых структур к социальным сетям,Золотых,,анализ принадлежность сетевой структура социальный сеть золотой
151,Создание плагина для IDE InteliJ Idea,Кащеев,,создание плагин intelij idea кащеев
152,Эффективные алгоритмы распознавания лиц на видео на основе выбора качественных кадров,Савченко,"16.31.21 Автоматическая обработка текста. Автоматический перевод. Автоматическое распознавание речи, 28.23.15 Распознавание образов. Обработка изображений, 28.29.51 Технические приложения вероятностно-статистических методов",эффективный алгоритм распознавание видео основа выбор качественный кадр савченко 16.31.21 автоматический обработка текста. автоматический перевод. автоматический распознавание речь 28.23.15 распознавание образов. обработка изображение 28.29.51 технический приложение вероятностно-статистический метод
153,Разработка рекомендаций к процессу сбора требований на основе онтологий бизнес -взаимодействий,Полетаева,,разработка рекомендация процесс сбор требование основа онтология бизнес -взаимодействие полетаев
154,Анализ влияния изменений в архитектуре предприятия на эффективность прогнозной аналитики,Асеева,"численное моделирование, корпоративные информационные системы, 28.17.19 Математическое моделирование",анализ влияние изменение архитектура предприятие эффективность прогнозный аналитик асеев численный моделирование корпоративный информационный система 28.17.19 математический моделирование
155,Повышение эффективности деятельности компании в области программных несоответствий,Михейкин,,повышение эффективность деятельность компания область программный несоответствие михейкина
156,Основные подходы к разработке осязаемых методов описания бизнес-процессов,Таратухин,"бизнес-информатика, бизнес-процессы, ERP-система, промышленность, интеллектуальные системы",основной подход разработка осязаемый метод описание бизнес-процесс таратухин бизнес-информатика бизнес-процесс erp-система промышленность интеллектуальный система
157,О механизмах возникновения гиперхаоса в трехмерных отображениях,Казаков,"хаотическая динамика, динамика твердого тела, бифуркации, странные аттракторы, численные методы",механизм возникновение гиперхаос трёхмерный отображение казак хаотический динамика динамика твёрдый тело бифуркация странный аттрактор численный метод
158,Некоторые алгоритмы построения выпуклой оболочки системы точек на плоскости,Малышев,"27.41.41 Алгоритмы решения задач вычислительной и дискретной математики, 27.45.15 Общая теория комбинаторного анализа, 27.45.17 Теория графов",некоторый алгоритм построение выпуклый оболочка система точка плоскость малышев 27.41.41 алгоритм решение задача вычислительный дискретный математика 27.45.15 общий теория комбинаторный анализ 27.45.17 теория граф
159,Применение архитектурного подхода в анализе процессов создания ценности в современных музеях,Малыженков,"архитектура предприятия, экономика фирмы, организация бизнеса",применение архитектурный подход анализ процесс создание ценность современный музей малыженков архитектура предприятие экономика фирма организация бизнес
160,Использование экспертной информации при бизнес - планировании сложных проектов,Шапошников,"сетевые модели, многокритериальные задачи, автоматизированная информационная система",использование экспертный информация бизнес планирование сложный проект шапошников сетевой модель многокритериальный задача автоматизированный информационный система
161,Фазовые переходы для алгоритмов кластеразации,Калягин,,фазовый переход алгоритм кластеразация калягин
162,Выявление композиционной структуры векторного представления: нейросетевой подход,Бабкина,"исследование операций, искусственные нейронные сети, генетические алгоритмы, имитационное моделирование",выявление композиционный структура векторный представления: нейросетевой подход бабкин исследование операция искусственный нейронный сеть генетический алгоритм имитационный моделирование
163,Представления текстов с помощью графовых моделей,Крылов,интеллектуальные информационные системы,представление текст помощь графовый модель крылов интеллектуальный информационный система
164,"Разработка библиотеки для in-memory аналитики, на основе MLIR",Грибанов,"Алгоритмы и структуры данных, целочисленное программирование, теория полиэдров, геометрия чисел, вычислительная геометрия, линейное программирование",разработка библиотека in-memory аналитик основа mlir грибанов алгоритм структура данные целочисленный программирование теория полиэдр геометрия число вычислительный геометрия линейный программирование
165,Анализ и автоматизация бизнес-процессов на примере компании ООО Авриком - НН,Асеева,"численное моделирование, корпоративные информационные системы, 28.17.19 Математическое моделирование",анализ автоматизация бизнес-процесс пример компания аврик асеев численный моделирование корпоративный информационный система 28.17.19 математический моделирование
166,Повышение качества аудио для систем видеоконференцсвязи,Савченко,"распознавание речи, обработка речи",повышение качество аудио система видеоконференцсвязь савченко распознавание речь обработка речь
167,Примеры использования монад в современных языках программирования,Пученкин,,пример использование монада современный язык программирование пученкина
168,Разработка вопросно-ответной системы с использованием глубокого обучения,Груздев,"28.23.15 Распознавание образов. Обработка изображений, машинное обучение, компьютерное зрение",разработка вопросно-ответный система использование глубокий обучение груздев 28.23.15 распознавание образов. обработка изображение машинный обучение компьютерный зрение
169,Использование методов машинного обучения и нейронных сетей для оценки приближенных решений NP-сложных задач,Сироткин,"теория графов, графовые сжатия, геномика",использование метод машинный обучение нейронный сеть оценка приблизить решение np-сложный задача сироткин теория граф графовыя сжатие геномик
170,Применение архитектурного подхода для выбора организационной формы компании на примере строительного бизнеса,Малыженков,"архитектура предприятия, экономика фирмы, организация бизнеса",применение архитектурный подход выбор организационный форма компания пример строительный бизнес малыженков архитектура предприятие экономика фирма организация бизнес
171,Автоматизация оценки платежеспособности заявителя с использованием инструментов интеллектуального анализа данных,Визгунов,,автоматизация оценка платёжеспособность заявитель использование инструмент интеллектуальный анализ данные визгун
172,"Развитие концептуальной модели для многопользовательской рекомендательной системы на основе сравнительного анализа онтологий по образовательной программе ""Бизнес-информатика""",Бабкин," интеграция разнородных программных и информационных систем, инженерия организации, концептуальное моделирование, многоагентные системы","развитие концептуальный модель многопользовательский рекомендательный система основа сравнительный анализ онтология образовательный программа ""бизнес-информатика"" бабкин интеграция разнородный программный информационный система инженерия организация концептуальный моделирование многоагентный система"
173,Определение значимости автоматически выделяемых признаков при анализе ЭКГ,Золотых,,определение значимость автоматически выделять признак анализ золотой
174,Применение пакета Matcont для построения бифуркационных диаграмм гомоклинических петель состояний равновесия,Казаков,"хаотическая динамика, динамика твердого тела, бифуркации, странные аттракторы, численные методы",применение пакет matcont построение бифуркационный диаграмма гомоклинический петля состояние равновесие казак хаотический динамика динамика твёрдый тело бифуркация странный аттрактор численный метод
175,Создание редактора скина персонажа для игры Майнкрафт с возможностью распознавания и преобразования одежды с фотографии в Майнкрафт скин,Кащеев,,создание редактор скин персонаж игра майнкрафт возможность распознавание преобразование одежда фотография майнкрафт скин кащеев
176,Использование Графовых нейронных сетей в конвеерах распознавания речи,Крылов,интеллектуальные информационные системы,использование графовый нейронный сеть конвеер распознавание речь крылов интеллектуальный информационный система
177,Метод ветвей и границ и алгоритмы динамического программирования для псевдополиномиальных задач,Бацын,"исследование операций, теория игр",метод ветвь граница алгоритм динамический программирование псевдополиномиальный задача бацын исследование операция теория
178,О границах областей существования аттракторов лоренцевского типа в различных потоковых системах,Казаков,"хаотическая динамика, динамика твердого тела, бифуркации, странные аттракторы, численные методы",граница область существование аттрактор лоренцевский тип различный потоковый система казак хаотический динамика динамика твёрдый тело бифуркация странный аттрактор численный метод
179,"Омега-классификация поверхностных диффеоморфизмов, реализующих диаграммы Смейла",Починка,динамические системы на многообразиях,омега-классификация поверхностный диффеоморфизм реализовать диаграмма смейл починка динамический система многообразие
180,Разработка и внедрение цифровой платформы с функционалом биржи инноваций в организации с государственным участием,Бабкин," интеграция разнородных программных и информационных систем, инженерия организации, концептуальное моделирование, многоагентные системы",разработка внедрение цифровой платформа функционал биржа инновация организация государственный участие бабкин интеграция разнородный программный информационный система инженерия организация концептуальный моделирование многоагентный система
181,Трансформация бизнес-процессов медицинских организаций в условиях глобальной катастрофы,Берзинь,,трансформация бизнес-процесс медицинский организация условие глобальный катастрофа берзинь
182,Исследование и разработка механизмов мягкой модерации Интернет - дискуссии на основе эмоционального отклика искусственных агентов,Бабкин," интеграция разнородных программных и информационных систем, инженерия организации, концептуальное моделирование, многоагентные системы",исследование разработка механизм мягкий модерация интернет дискуссия основа эмоциональный отклик искусственный агент бабкин интеграция разнородный программный информационный система инженерия организация концептуальный моделирование многоагентный система
183,Инструменты мониторинга активности на строительной площадке и предупреждения несчастных случаев,Бычков,,инструмент мониторинг активность строительный площадка предупреждение несчастный случай бычков
184,Сервис для автоматического мониторинга и оповещения о предпочтительных пользователю сеансах в кинотеатре,Бычков,,сервис автоматический мониторинг оповещение предпочтительный пользователь сеанс кинотеатр бычков
185,Топологическая эквивалентность надстроек над декартовым произведением грубых преобразований окружности,Починка,динамические системы на многообразиях,топологический эквивалентность надстройка декартов произведение грубый преобразование окружность починка динамический система многообразие
186,Разработка компилятора под встроенные системы на основе LLVM,Шаров,,разработка компилятор встроить система основа llvm шаров
187,Разработка социальной сети для любителей кулинарии,Шаров,,разработка социальный сеть любитель кулинария шаров
188,Быстро сходящиеся аппроксимации Чернова,Ремизов,"Эволюционные уравнения, функциональный анализ, Теорема Чернова и связанные с ней конструкции, формулы Фейнмана, Квазифейнмановские формулы",быстро сходиться аппроксимация чернов ремиз эволюционный уравнение функциональный анализ теорема чернов связанный конструкция формула фейнмана квазифейнмановский формула
189,Задача Штейнера в ориентированных графах,Мокеев,"теория графов, прикладная теория графов, наследственные классы графов, упаковки графов, покрытия графов, Кёниговы графы, 27.45.17 Теория графов",задача штейнера ориентировать граф мокей теория граф прикладной теория граф наследственный класс граф упаковка граф покрытие граф кёниговый граф 27.45.17 теория граф
190,Определение наличия маски на человеке при помощи глубокого обучения,Зеленов,,определение наличие маска человек помощь глубокий обучение зеленов
191,"Оптимизация процесса разработки от первичных требований до конечного продукта с помощью инструментов прототипирования на примере организации ООО ""ФОРТ-НН""",Истюкова,,"оптимизация процесс разработка первичный требование конечный продукт помощь инструмент прототипирование пример организация ""форт-нн"" истюков"
192,Проектирование и разработка приложения в VK для оптимизации процесса поиска арендного жилья,Ларюшина,,проектирование разработка приложение оптимизация процесс поиск арендный жильё ларюшина
193,Разработка Android приложения для просмотра новостей через мультимедийную систему автомобиля,Лейкин,,разработка android приложение просмотр новость через мультимедийный система автомобиль лейкина
194,Приложение для управления жестами мультимедиа ПК,Груздев,"28.23.15 Распознавание образов. Обработка изображений, машинное обучение, компьютерное зрение",приложение управление жест мультимедиа груздев 28.23.15 распознавание образов. обработка изображение машинный обучение компьютерный зрение
195,Разработка приложения для школьников для выполнения домашних заданий,Шаров,,разработка приложение школьник выполнение домашний задание шаров
196,Создание игры,Скулкин,,создание игра скулкина
197,Обучение моделей компьютерного зрения на малых выборках,Груздев,"28.23.15 Распознавание образов. Обработка изображений, машинное обучение, компьютерное зрение",обучение модель компьютерный зрение малый выборка груздев 28.23.15 распознавание образов. обработка изображение машинный обучение компьютерный зрение
198,Обнаружение лжи в мультимодальных данных,Рассадин,,обнаружение мультимодальный данные рассадина
199,Формальное представление символических структур естественного языка: нейросетевой подход,Бабкина,"исследование операций, искусственные нейронные сети, генетические алгоритмы, имитационное моделирование",формальный представление символический структура естественный языка: нейросетевой подход бабкин исследование операция искусственный нейронный сеть генетический алгоритм имитационный моделирование
200,Использование технологии распределенного реестра в страховых компаниях,Малыженков,"архитектура предприятия, экономика фирмы, организация бизнеса",использование технология распределённый реестр страховой компания малыженков архитектура предприятие экономика фирма организация бизнес
201,Разработка подхода применения метода имитационного моделирования для задач прототипирования в рамках процесса дизайн - мышления,Куприянов,"управление проектами, управление информационными технологиями, IT-проекты, международное сотрудничество в сфере образования, организационные изменения",разработка подход применение метод имитационный моделирование задача прототипирование рамка процесс дизайн мышление куприянов управление проект управление информационный технология it-проект международный сотрудничество сфера образование организационный изменение
202,Проектирование и разработка профилей на основе стандарта HL7 FНIR,Баевский,,проектирование разработка профиль основа стандарт fнir баевский
203,Разработка и продвижение B2C среды для моделирования эксклюзивных продуктов,Марширов,"языки программирования, Алгоритмы и структуры данных, численное моделирование, 20.23.17 Информационно-поисковые массивы. Базы данных. Манипулирование данными и файлами, 27.37.17 Математическая теория управления. Оптимальное управление, 27.41.19 Численные методы решения дифференциальных и интегральных уравнений, 50.05.09 Языки программирования, 55.13.00 Технология машиностроения",разработка продвижение среда моделирование эксклюзивный продукт маршир язык программирование алгоритм структура данные численный моделирование 20.23.17 информационно-поисковый массивы. база данных. манипулирование данные файл 27.37.17 математический теория управления. оптимальный управление 27.41.19 численный метод решение дифференциальный интегральный уравнение 50.05.09 язык программирование 55.13.00 технология машиностроение
204,Основные подходы к применению методологии дизайн -мышления для оптимизации рекрутмента в HR-сфере,Демкин,"14.35.07 Образование и обучение в высшей профессиональной школе, 20.01.45 Преподавание информатики, 29.03.85 Автоматизация физического эксперимента с применением ЭВМ, 50.53.17 Автоматизация сбора и обработки данных научного эксперимента",основной подход применение методология дизайн -мышление оптимизация рекрутмент hr-сфера дёмкин 14.35.07 образование обучение высокий профессиональный школа 20.01.45 преподавание информатика 29.03.85 автоматизация физический эксперимент применение эвм 50.53.17 автоматизация сбор обработка данные научный эксперимент
205,Анализ метрик процесса сборки и тестирования приложения с целью оптимизации финансовых и временных затрат,Шапошников,"сетевые модели, многокритериальные задачи, автоматизированная информационная система",анализ метрика процесс сборка тестирование приложение цель оптимизация финансовый временной затрата шапошников сетевой модель многокритериальный задача автоматизированный информационный система
206,"Построение архитектуры предприятия, предоставляющего услуги в сфере гостиничного бизнеса, с использованием подхода Захмана и Gartner",Визгунов,,построение архитектура предприятие предоставлять услуга сфера гостиничный бизнес использование подход захмана gartner визгун
207,Оценка уровня зрелости управления бизнес-процессами в организации,Визгунов,"управление затратами, Менеджмент, управление бизнес-процессами, информационная безопасность, электронные платежи",оценка уровень зрелость управление бизнес-процесс организация визгун управление затрата менеджмент управление бизнес-процесс информационный безопасность электронный платёж
208,"Разработка архитектуры глубокой нейронной сети, основанной на трансформерах, в контексте задачи doc VQA",Павлов,,разработка архитектура глубокий нейронный сеть основать трансформера контекст задача павлов
209,Непараметрические процедуры обнаружения динамики степеней вершин графа рынка,Колданов,"математическая статистика, теория вероятностей и математическая статистика, прикладная математическая статистика, экономико-математическое моделирование",непараметрический процедура обнаружение динамика степень вершина граф рынок колдан математический статистика теория вероятность математический статистика прикладной математический статистика экономико-математический моделирование
210,Разработка универсального сервиса прогнозирования заказов для службы такси,Лейкин,,разработка универсальный сервис прогнозирование заказ служба такси лейкина
211,Использование методов машинного обучения для анализа данных на книжных платформах,Шутов,"бизнес-моделирование, многоагентные системы, ИТ-консалтинг, смешанное обучение, корпоративные информационные системы",использование метод машинный обучение анализ данные книжный платформа шут бизнес-моделирование многоагентный система ит-консалтинг смешанный обучение корпоративный информационный система
212,Анализ взаимосвязей требований к модификации модулей сложной автоматизированной информационной системы крупного производителя ПО,Малыженков,"архитектура предприятия, экономика фирмы, организация бизнеса",анализ взаимосвязь требование модификация модуль сложный автоматизированный информационный система крупный производитель малыженков архитектура предприятие экономика фирма организация бизнес
213,Применение инструментария BI для анализа эффективности HR-стратегии и ее влияния на процесс создания ценности на предприятии сектора консалтинговых услуг,Малыженков,"архитектура предприятия, экономика фирмы, организация бизнеса",применение инструментарий анализ эффективность hr-стратегия влияние процесс создание ценность предприятие сектор консалтинговый услуга малыженков архитектура предприятие экономика фирма организация бизнес
214,Применение методологии дизайн -мышления в рамках внедрения и сопровождения корпоративных информационных систем,Таратухин,"бизнес-информатика, бизнес-процессы, ERP-система, промышленность, интеллектуальные системы",применение методология дизайн -мышление рамка внедрение сопровождение корпоративный информационный система таратухин бизнес-информатика бизнес-процесс erp-система промышленность интеллектуальный система
215,Реализация подсистемы хранения и обработки базы знаний для мобильного приложения,Лейкин,,реализация подсистема хранение обработка база знание мобильный приложение лейкина
216,Сценарии рождения неклассических аттракторов Лоренца и проверка их псевдогиперболичности,Казаков,"хаотическая динамика, динамика твердого тела, бифуркации, странные аттракторы, численные методы",сценарий рождение неклассический аттрактор лоренц проверка псевдогиперболичность казак хаотический динамика динамика твёрдый тело бифуркация странный аттрактор численный метод
217,Мобильное приложение для поддержания здоровья домашнего питомца,Шаров,,мобильный приложение поддержание здоровье домашний питомец шаров
218,Создание сервиса для совместного онлайн редактирования программного кода,Пученкин,,создание сервис совместный онлайн редактирование программный код пученкина
219,Быстрое 3D-детектирование обуви в естественных условиях,Серебряков,,быстрый 3d-детектирование обувь естественный условие серебряков
220,Применение технологии блокчейн в страховой отрасли,Шапошников,"сетевые модели, многокритериальные задачи, автоматизированная информационная система",применение технология блокчейн страховой отрасль шапошников сетевой модель многокритериальный задача автоматизированный информационный система
221,Текущие подходы к построению CRM системы будущего. Существующие тренды и инновационные решения,Таратухин,"бизнес-информатика, бизнес-процессы, ERP-система, промышленность, интеллектуальные системы",текущий подход построение система будущего. существующий тренд инновационный решение таратухин бизнес-информатика бизнес-процесс erp-система промышленность интеллектуальный система
222,Календарное планирование и назначение исполнителей в инновационной компании на основании анализа качества выполнения работ,Михейкин,,календарный планирование назначение исполнитель инновационный компания основание анализ качество выполнение работа михейкина
223,Разработка методики автоматизации логистических процессов на примере компании ООО «Стеклозаводец»,Истюкова,,разработка методика автоматизация логистический процесс пример компания «стеклозаводец» истюков
224,Разработка программного прототипа многопользовательской рекомендательной системы на основе онтологий по образовательным программам бизнес - информатики,Бабкин," интеграция разнородных программных и информационных систем, инженерия организации, концептуальное моделирование, многоагентные системы",разработка программный прототип многопользовательский рекомендательный система основа онтология образовательный программа бизнес информатика бабкин интеграция разнородный программный информационный система инженерия организация концептуальный моделирование многоагентный система
225,Организация работы инфоцентра для конкретного производственного потока промышленного предприятия,Михейкин,,организация работа инфоцентр конкретный производственный поток промышленный предприятие михейкина
226,Формирование экосистемы по работе с API контрактами для автоматизации технологических процессов жизненного цикла программного обеспечения,Ларюшина,,формирование экосистема работа контракт автоматизация технологический процесс жизненный цикл программный обеспечение ларюшина
227,Мобильное приложение для профилактики Covid-19,Шаров,,мобильный приложение профилактика covid-19 шаров
228,Алгоритмы поиска кратчайших путей между всеми парами вершин,Грибанов,"Алгоритмы и структуры данных, целочисленное программирование, теория полиэдров, геометрия чисел, вычислительная геометрия, линейное программирование",алгоритм поиск краткий путь между весь пара вершина грибанов алгоритм структура данные целочисленный программирование теория полиэдр геометрия число вычислительный геометрия линейный программирование
229,Монокулярная оценка карты глубины с помощью облегченных нейронных кодер-декодеров,Гречихин,"математические модели биологии, применение теоретико-вероятностных и статистических методов, 27.35.43 Математические модели биологии, 27.43.51 Применение теоретико-вероятностных и статистических методов",монокулярный оценка карта глубина помощь облегчить нейронный кодер-декодер гречихина математический модель биология применение теоретико-вероятностный статистический метод 27.35.43 математический модель биология 27.43.51 применение теоретико-вероятностный статистический метод
230,Разработка подхода проектирования сценария и оценки экономического эффекта применения технологий интернета вещей (IOT) на промышленных предприятиях,Куприянов,"управление проектами, управление информационными технологиями, IT-проекты, международное сотрудничество в сфере образования, организационные изменения",разработка подход проектирование сценарий оценка экономический эффект применение технология интернет вещь (iot) промышленный предприятие куприянов управление проект управление информационный технология it-проект международный сотрудничество сфера образование организационный изменение
231,Гипотеза о случайности: многомерный случай,Калягин,,гипотеза случайности: многомерный случай калягин
232,"Частичная автоматизация тестирования функционала, связанного с тарификацией, биллингом и выставлением счёта клиенту",Шапошников,"сетевые модели, многокритериальные задачи, автоматизированная информационная система",частичный автоматизация тестирование функционал связанный тарификация биллинг выставление счёт клиент шапошников сетевой модель многокритериальный задача автоматизированный информационный система
233,О классе топологической сопряженности сжатия,Гуревич,"топология, качественная теория динамических систем",класс топологический сопряжённость сжатие гуревич топология качественный теория динамический система
234,"Исследование механизмов возникновения гиперхаоса, а также аттракторов лоренцевского типа в двумерных эндоморфизмах, описывающих динамику двух связанных отображений параболы",Казаков,"хаотическая динамика, динамика твердого тела, бифуркации, странные аттракторы, численные методы",исследование механизм возникновение гиперхаос также аттрактор лоренцевский тип двумерный эндоморфизм описывать динамика два связанный отображение парабола казак хаотический динамика динамика твёрдый тело бифуркация странный аттрактор численный метод
235,Степень отображения гладких орбифолдов,Жукова,27.00.00 Математика,степень отображение гладкий орбифолд жуков 27.00.00 математик
236,Разработка мобильного приложения-агрегатора,Мирошниченко,,разработка мобильный приложение-агрегатор мирошниченко
237,Разработка динамических 3D-сцен и интерфейса системы виртуальной реальности в среде Unreal Engine для реабилитации пациентов,Мокеев,"теория графов, прикладная теория графов, наследственные классы графов, упаковки графов, покрытия графов, Кёниговы графы, 27.45.17 Теория графов",разработка динамический 3d-сцена интерфейс система виртуальный реальность среда unreal engine реабилитация пациент мокей теория граф прикладной теория граф наследственный класс граф упаковка граф покрытие граф кёниговый граф 27.45.17 теория граф
238,О методах решения робастных задач комбинаторной оптимизации,Кетков,"исследование операций, дискретная оптимизация",метод решение робастный задача комбинаторный оптимизация кетковы исследование операция дискретный оптимизация
239,Применение принципов случайного блуждания к обнаружению динамики фондового рынка,Колданов,"теория вероятностей и математическая статистика, математическая статистика, прикладная математическая статистика, экономико-математическое моделирование",применение принцип случайный блуждание обнаружение динамика фондовый рынок колдан теория вероятность математический статистика математический статистика прикладной математический статистика экономико-математический моделирование
240,Построение рекомендательных систем для выбора ресторанов на основе анализа фотоальбома,Савченко,"16.31.21 Автоматическая обработка текста. Автоматический перевод. Автоматическое распознавание речи, 28.23.15 Распознавание образов. Обработка изображений, 28.29.51 Технические приложения вероятностно-статистических методов",построение рекомендательный система выбор ресторан основа анализ фотоальбом савченко 16.31.21 автоматический обработка текста. автоматический перевод. автоматический распознавание речь 28.23.15 распознавание образов. обработка изображение 28.29.51 технический приложение вероятностно-статистический метод
241,Интеграция механизма объяснимого искусственного интеллекта LIME в оболочку OpenVINO Workbench,Набиуллин,,интеграция механизм объяснимый искусственный интеллект lime оболочка openvino workbench набиуллин
242,Модель управления ИТ в медицинской сфере в условиях глобальной катастрофы,Берзинь,,модель управление медицинский сфера условие глобальный катастрофа берзинь
243,О взаимоотношении тривиальных и нетривиальных базисных множеств структурно устойчивых диффеоморфизмов поверхностей,Гринес,качественная теория динамических систем,взаимоотношение тривиальный нетривиальный базисный множество структурно устойчивый диффеоморфизм поверхность гринес качественный теория динамический система
244,Разработка сервиса по поиску квартир на долгосрочную аренду от собственников,Бычков,,разработка сервис поиск квартира долгосрочный аренда собственник бычков
245,Реализация поверхностных диффеоморфизмов Морса-Смейла с ориентируемой гетероклиникой,Починка,динамические системы на многообразиях,реализация поверхностный диффеоморфизм морс-смейл ориентировать гетероклиника починка динамический система многообразие
246,Обучение моделей синтеза речи на малых выборках,Пономаренко,"информационный поиск, поиск ближайшего соседа, машинное обучение, кластеризация данных",обучение модель синтез речь малый выборка пономаренко информационный поиск поиск близкий сосед машинный обучение кластеризация данные
247,Разработка и применение быстрых методов символической динамики для изучения гомоклинических бифуркаций в системах со спиральным хаосом,Казаков,"хаотическая динамика, динамика твердого тела, бифуркации, странные аттракторы, численные методы",разработка применение быстрый метод символический динамика изучение гомоклинический бифуркация система спиральный хаос казак хаотический динамика динамика твёрдый тело бифуркация странный аттрактор численный метод
248,Разработка целеориентированной диалоговой системы,Дурандин,,разработка целеориентировать диалоговый система дурандин
249,Алгоритмы классификации изображений на основе нейросетевых детекторов объектов и структурного распознавания образов,Савченко,"16.31.21 Автоматическая обработка текста. Автоматический перевод. Автоматическое распознавание речи, 28.23.15 Распознавание образов. Обработка изображений, 28.29.51 Технические приложения вероятностно-статистических методов",алгоритм классификация изображение основа нейросетевой детектор объект структурный распознавание образ савченко 16.31.21 автоматический обработка текста. автоматический перевод. автоматический распознавание речь 28.23.15 распознавание образов. обработка изображение 28.29.51 технический приложение вероятностно-статистический метод
250,"Анализ технологических и административных инструментов, обеспечивающих реализацию требований Центрального Банка РФ к информационной безопасности систем ДБО",Визгунов,"управление затратами, Менеджмент, управление бизнес-процессами, информационная безопасность, электронные платежи",анализ технологический административный инструмент обеспечивать реализация требование центральный банк информационный безопасность система визгун управление затрата менеджмент управление бизнес-процесс информационный безопасность электронный платёж
251,Разработка концепции и создание программного прототипа для интерактивных презентаций,Бабкин," интеграция разнородных программных и информационных систем, инженерия организации, концептуальное моделирование, многоагентные системы",разработка концепция создание программный прототип интерактивный презентация бабкин интеграция разнородный программный информационный система инженерия организация концептуальный моделирование многоагентный система
252,Трансформация бизнес-процессов образовательных организаций в условиях глобальной катастрофы,Берзинь,,трансформация бизнес-процесс образовательный организация условие глобальный катастрофа берзинь
253,Разработка совместимых профилей на основе стандарта HL7 FHIR для медицинских организаций,Баевский,,разработка совместимый профиль основа стандарт fhir медицинский организация баевский
254,Оптимизация бизнес-процессов гостиничного бизнеса в рамках парадигмы предиктивной аналитики,Демкин,"14.35.07 Образование и обучение в высшей профессиональной школе, 20.01.45 Преподавание информатики, 29.03.85 Автоматизация физического эксперимента с применением ЭВМ, 50.53.17 Автоматизация сбора и обработки данных научного эксперимента",оптимизация бизнес-процесс гостиничный бизнес рамка парадигма предиктивной аналитик дёмкин 14.35.07 образование обучение высокий профессиональный школа 20.01.45 преподавание информатика 29.03.85 автоматизация физический эксперимент применение эвм 50.53.17 автоматизация сбор обработка данные научный эксперимент
255,Скорость сходимости аппроксимаций Чернова,Ремизов,"Эволюционные уравнения, функциональный анализ, Теорема Чернова и связанные с ней конструкции, формулы Фейнмана, Квазифейнмановские формулы",скорость сходимость аппроксимация чернов ремиз эволюционный уравнение функциональный анализ теорема чернов связанный конструкция формула фейнмана квазифейнмановский формула
256,Исследование механизма дистилляции знаний в нейронных сетях,Гречихин,"математические модели биологии, применение теоретико-вероятностных и статистических методов, 27.35.43 Математические модели биологии, 27.43.51 Применение теоретико-вероятностных и статистических методов",исследование механизм дистилляция знание нейронный сеть гречихина математический модель биология применение теоретико-вероятностный статистический метод 27.35.43 математический модель биология 27.43.51 применение теоретико-вероятностный статистический метод
257,Разработка системы виртуальной реальности для реабилитации пациентов с фобическими расстройствами,Бацын,"исследование операций, теория игр",разработка система виртуальный реальность реабилитация пациент фобический расстройство бацын исследование операция теория
258,Решение задачи распознавания речи на зашумленных данных,Семенов,"математическая статистика, теория вероятностей, Машинное обучение и анализ данных, параллельное программирование",решение задача распознавание речь зашумленный данные семён математический статистика теория вероятность машинный обучение анализ данные параллельный программирование
259,Jamigo — веб-приложение для игры на MIDI-клавишных музыкальных инструментах и караоке,Кащеев,,jamigo веб-приложение игра midi-клавишный музыкальный инструмент караоке кащеев
260,Глубокое обучение в задаче распознавания эмоций на видео со звуком,Серебряков,,глубокий обучение задача распознавание эмоция видео звук серебряков
261,Задача о назначениях с вероятностными ограничениями,Кетков,"исследование операций, дискретная оптимизация",задача назначение вероятностный ограничение кетковы исследование операция дискретный оптимизация
262,Проектирование и реализация реконфигурируемого сервиса финансовой отчетности предприятия,Улитин," оптимизация алгоритмов, перераспределение ресурсов, многоагентное моделирование, экономический анализ",проектирование реализация реконфигурировать сервис финансовый отчётность предприятие улитина оптимизация алгоритм перераспределение ресурс многоагентной моделирование экономический анализ
263,Автоматизация учета рабочего времени в проектных IT организациях среднего и малого размера,Набиуллин,,автоматизация учёт рабочий время проектный организация среднее малое размер набиуллин
264,Отслеживание изменений психоэмоционального состояния лиц по видео для систем дополненной реальности,Савченко,"16.31.21 Автоматическая обработка текста. Автоматический перевод. Автоматическое распознавание речи, 28.23.15 Распознавание образов. Обработка изображений, 28.29.51 Технические приложения вероятностно-статистических методов",отслеживание изменение психоэмоциональный состояние видео система дополнить реальность савченко 16.31.21 автоматический обработка текста. автоматический перевод. автоматический распознавание речь 28.23.15 распознавание образов. обработка изображение 28.29.51 технический приложение вероятностно-статистический метод
265,Построение рационального варианта конфигурации сети как бикритериальная задача,Шапошников,"сетевые модели, многокритериальные задачи, автоматизированная информационная система",построение рациональный вариант конфигурация сеть бикритериальный задача шапошников сетевой модель многокритериальный задача автоматизированный информационный система
266,Разработка рекомендаций для организации семантического хранилища требований к информационной системе предприятия,Полетаева,,разработка рекомендация организация семантический хранилище требование информационный система предприятие полетаев
267,О некоторых типах гомоклинических аттракторов трехмерных отображений и механизмах их возникновения,Казаков,"хаотическая динамика, динамика твердого тела, бифуркации, странные аттракторы, численные методы",некоторый тип гомоклинический аттрактор трёхмерный отображение механизм возникновение казак хаотический динамика динамика твёрдый тело бифуркация странный аттрактор численный метод
268,"Одновременная локализация и построение карты в трехмерном пространстве с использованием параллельных вычислений и на основе данных, полученных с помощью видеокамеры",Калягин,,одновременный локализация построение карта трёхмерный пространство использование параллельный вычисление основа данные получить помощь видеокамера калягин
269,Кратчайший вектор целочисленной решетки и связанные задачи,Грибанов,"Алгоритмы и структуры данных, целочисленное программирование, теория полиэдров, геометрия чисел, вычислительная геометрия, линейное программирование",краткий вектор целочисленный решётка связанный задача грибанов алгоритм структура данные целочисленный программирование теория полиэдр геометрия число вычислительный геометрия линейный программирование
270,Автоматическая генерация опасных моментов по записи футбольного матча,Серебряков,,автоматический генерация опасный момент запись футбольный матч серебряков
271,Алгоритмы для задачи SAT,Грибанов,"Алгоритмы и структуры данных, целочисленное программирование, теория полиэдров, геометрия чисел, вычислительная геометрия, линейное программирование",алгоритм задача грибанов алгоритм структура данные целочисленный программирование теория полиэдр геометрия число вычислительный геометрия линейный программирование
272,Основные принципы моделирования и проектирования систем первичной телемедицинской консультации «Пациент - Врач» для мира после пандемии,Таратухин,"бизнес-информатика, бизнес-процессы, ERP-система, промышленность, интеллектуальные системы",основной принцип моделирование проектирование система первичный телемедицинский консультация «пациент врач» мир после пандемия таратухин бизнес-информатика бизнес-процесс erp-система промышленность интеллектуальный система
273,Создание многопользовательской онлайн версии настольной игры,Пученкин,,создание многопользовательский онлайн версия настольный игра пученкина
274,Извлечение знаний из глубоких нейронных сетей,Золотых,,извлечение знание глубокий нейронный сеть золотой
275,Методы глубокого обучения для трехмерной геометрической реконструкции,Золотых,,метод глубокий обучение трёхмерный геометрический реконструкция золотой
276,Мера зависимости нескольких случайных величин и её применение в сетевом анализе,Колданов,"теория вероятностей и математическая статистика, математическая статистика, прикладная математическая статистика, экономико-математическое моделирование",мера зависимость несколько случайный величина применение сетевой анализ колдан теория вероятность математический статистика математический статистика прикладной математический статистика экономико-математический моделирование
277,Интегрируемость коциклов,Чебочко,алгебры Ли,интегрируемость коцикл чебочко алгебра
278,Решение современных задач построения расписаний с множеством ограничений,Бычков,,решение современный задача построение расписание множество ограничение бычков
279,Планирование и назначение исполнителей в инновационной компании на основании анализа качества выполнения работ,Шапошников,"сетевые модели, многокритериальные задачи, автоматизированная информационная система",планирование назначение исполнитель инновационный компания основание анализ качество выполнение работа шапошников сетевой модель многокритериальный задача автоматизированный информационный система
280,Проектирование информационной системы для отслеживания эффективности применения специальных налоговых режимов,Визгунов,,проектирование информационный система отслеживание эффективность применение специальный налоговый режим визгун
281,Разработка мобильного приложения для анализа инфраструктуры вокруг выбранного объекта недвижимости,Шаров,,разработка мобильный приложение анализ инфраструктура вокруг выбрать объект недвижимость шаров
282,Геометрические свойства многосолитонных решений,Слюняев,"нелинейные волны, солитоны, морские волны",геометрический свойство многосолитонный решение слюняев нелинейный волна солитон морской волна
283,О структуре окон устойчивости внутри квазиаттракторов различного типа,Казаков,"хаотическая динамика, динамика твердого тела, бифуркации, странные аттракторы, численные методы",структура окно устойчивость внутри квазиаттрактор различный тип казак хаотический динамика динамика твёрдый тело бифуркация странный аттрактор численный метод
284,Квазифейнмановские формулы для уравнения Шрёдингера на многообразии,Ремизов,"Эволюционные уравнения, функциональный анализ, Теорема Чернова и связанные с ней конструкции, формулы Фейнмана, Квазифейнмановские формулы",квазифейнмановский формула уравнение шрёдингер многообразие ремиз эволюционный уравнение функциональный анализ теорема чернов связанный конструкция формула фейнмана квазифейнмановский формула
285,Создание бота для ATARI игры с использованием фреймворка OpenVINO,Скулкин,,создание бот atari игра использование фреймворк openvino скулкина
286,Реализация и сравнительный анализ алгоритма Дейкстры на основе различных приоритетных очередей,Малышев,"27.41.41 Алгоритмы решения задач вычислительной и дискретной математики, 27.45.15 Общая теория комбинаторного анализа, 27.45.17 Теория графов",реализация сравнительный анализ алгоритм дейкстра основа различный приоритетный очередь малышев 27.41.41 алгоритм решение задача вычислительный дискретный математика 27.45.15 общий теория комбинаторный анализ 27.45.17 теория граф
287,Применение графов знаний в моделях абстрактного аннотирования текста,Калягин,,применение граф знание модель абстрактный аннотирование текст калягин
288,Система анализа и хранения данных при планировании сложных проектов,Шапошников,"сетевые модели, многокритериальные задачи, автоматизированная информационная система",система анализ хранение данные планирование сложный проект шапошников сетевой модель многокритериальный задача автоматизированный информационный система
289,Сравнительный анализ организационных механизмов функционирования промышленных кластеров в России с лучшими зарубежными практиками,Малыженков,"архитектура предприятия, экономика фирмы, организация бизнеса",сравнительный анализ организационный механизм функционирование промышленный кластер россия хороший зарубежный практика малыженков архитектура предприятие экономика фирма организация бизнес
290,Анализ и применение фронтенд -микросервисной архитектуры с целью оптимизации процесса разработки и поставки компонент программного обеспечения на примере предприятия Неткрэкер,Ларюшина,,анализ применение фронтенд -микросервисный архитектура цель оптимизация процесс разработка поставка компонент программный обеспечение пример предприятие неткрэкер ларюшина
291,Разработка методологии принятия решения по размещению базовых станций мобильной связи на основании требований бизнеса и технических характеристик,Шапошников,"сетевые модели, многокритериальные задачи, автоматизированная информационная система",разработка методология принятие решение размещение базовый станция мобильный связь основание требование бизнес технический характеристика шапошников сетевой модель многокритериальный задача автоматизированный информационный система
292,"Бифуркации, меняющие тип гетероклинических кривых 3-диффеоморфизма Морса-Смейла",Починка,динамические системы на многообразиях,бифуркация менять гетероклинический кривая 3-диффеоморфизм морс-смейл починка динамический система многообразие
293,Задачи комбинаторной оптимизации с вероятностными ограничениями,Кетков,"исследование операций, дискретная оптимизация",задача комбинаторный оптимизация вероятностный ограничение кетковы исследование операция дискретный оптимизация
294,Анализ и оптимизация решения задачи о назначениях в рамках процесса создания графиков работ в ИТ сфере,Шапошников,"сетевые модели, многокритериальные задачи, автоматизированная информационная система",анализ оптимизация решение задача назначение рамка процесс создание график работа сфера шапошников сетевой модель многокритериальный задача автоматизированный информационный система
295,Разработка автоматизированного реконфигурируемого сервиса отчетности для Приемной комиссии на основе предметно-ориентированного языка,Улитин," оптимизация алгоритмов, перераспределение ресурсов, многоагентное моделирование, экономический анализ",разработка автоматизированный реконфигурировать сервис отчётность приёмный комиссия основа предметно-ориентированный язык улитина оптимизация алгоритм перераспределение ресурс многоагентной моделирование экономический анализ
296,Полные проективные слоения с нулевой трансверсальной кривизной,Жукова,27.00.00 Математика,полный проективный слоение нулевой трансверсальный кривизна жуков 27.00.00 математик
297,Разработка коммерческого сайта,Марширов,"языки программирования, Алгоритмы и структуры данных, численное моделирование, 20.23.17 Информационно-поисковые массивы. Базы данных. Манипулирование данными и файлами, 27.37.17 Математическая теория управления. Оптимальное управление, 27.41.19 Численные методы решения дифференциальных и интегральных уравнений, 50.05.09 Языки программирования, 55.13.00 Технология машиностроения",разработка коммерческий сайт маршир язык программирование алгоритм структура данные численный моделирование 20.23.17 информационно-поисковый массивы. база данных. манипулирование данные файл 27.37.17 математический теория управления. оптимальный управление 27.41.19 численный метод решение дифференциальный интегральный уравнение 50.05.09 язык программирование 55.13.00 технология машиностроение
298,Анализ методов определения сложности текста английского языка как иностранного,Маслова,,анализ метод определение сложность текст английский язык иностранный маслов
299,Геймификация как инструмент мотивации сотрудников,Маслова,,геймификация инструмент мотивация сотрудник маслов
300,"Разработка стратегии, анализ и оптимизация бизнес-процессов организации на примере компании по продаже автозапчастей",Малыженков,"архитектура предприятия, экономика фирмы, организация бизнеса",разработка стратегия анализ оптимизация бизнес-процесс организация пример компания продажа автозапчасть малыженков архитектура предприятие экономика фирма организация бизнес
301,Принятие решения о роботизации бизнес-процессов на предприятии,Улитин," оптимизация алгоритмов, перераспределение ресурсов, многоагентное моделирование, экономический анализ",принятие решение роботизация бизнес-процесс предприятие улитина оптимизация алгоритм перераспределение ресурс многоагентной моделирование экономический анализ
302,Разработка библиотеки для микросервисов по обработке больших данных,Асеева,"численное моделирование, корпоративные информационные системы, 28.17.19 Математическое моделирование",разработка библиотека микросервис обработка больший данные асеев численный моделирование корпоративный информационный система 28.17.19 математический моделирование
303,Улучшение организации производства медицинского оборудования в соответствии с концепцией бережливое производство,Баевский,,улучшение организация производство медицинский оборудование соответствие концепция бережливый производство баевский
304,Разработка Веб-приложения компании для оптимизации работы с клиентами,Марширов,"языки программирования, Алгоритмы и структуры данных, численное моделирование, 20.23.17 Информационно-поисковые массивы. Базы данных. Манипулирование данными и файлами, 27.37.17 Математическая теория управления. Оптимальное управление, 27.41.19 Численные методы решения дифференциальных и интегральных уравнений, 50.05.09 Языки программирования, 55.13.00 Технология машиностроения",разработка веб-приложение компания оптимизация работа клиент маршир язык программирование алгоритм структура данные численный моделирование 20.23.17 информационно-поисковый массивы. база данных. манипулирование данные файл 27.37.17 математический теория управления. оптимальный управление 27.41.19 численный метод решение дифференциальный интегральный уравнение 50.05.09 язык программирование 55.13.00 технология машиностроение
